model,future,acc,pre,recall,f1,roc_auc
STGCN_LSTM,1,0.7568239526026238,0.2842847395951785,0.46296296296296297,0.35226151895166974,0.6343758285562778
STGCN_LSTM,5,0.7595907928388747,0.2833607907742998,0.4507675028079371,0.34797687861271676,0.6308009098807033
STGCN_LSTM,10,0.76836218948274,0.28286232823437907,0.4143562476262818,0.3362095531587057,0.620551127258177
