model,future,acc,pre,recall,f1,roc_auc
STGCN,1,0.7603152771900127,0.2881277482064337,0.46111111111111114,0.3546503347101552,0.6356407197125538
STGCN,5,0.7717924126172208,0.2917312661498708,0.422688131785848,0.34520715486928605,0.6262039776777286
STGCN,10,0.7803527260995806,0.2920962199312715,0.3873908089631599,0.3330612244897959,0.6162760496428704
