model,future,acc,pre,recall,f1,roc_auc
STGCN_Attention,1,0.7463499788404571,0.2761273776447959,0.4785185185185185,0.3501829516194606,0.6347480274646407
STGCN_Attention,5,0.7836210571184996,0.2991329479768786,0.3874953201048297,0.337628445604306,0.61842306540745
STGCN_Attention,10,0.7818582643294978,0.295754446356856,0.39156855298139004,0.3369831671841804,0.6188973363090478
