model,future,acc,pre,recall,f1,roc_auc,hamming
DT,1,0.7811045281421921,0.2009151414309484,0.17888888888888888,0.18926332288401254,0.5301689569105021,0.21889547185780786
DT,5,0.777387041773231,0.19257445940432477,0.17671284163234743,0.184303006638032,0.5268853392481796,0.22261295822676896
DT,10,0.7866437251317346,0.18349928876244664,0.14698063045955184,0.16322226908477436,0.5195598423202864,0.21335627486826542
