model,future,acc,pre,recall,f1,roc_auc,hamming
KNN,1,0.8570672873465933,0.25,0.00037037037037037035,0.0007396449704142012,0.5000926154493175,0.14293271265340668
KNN,5,0.8577365728900256,0.9999999999999998,0.00037439161362785476,0.0007485029940119761,0.5001871958068139,0.14226342710997442
KNN,10,0.8583180987202925,0.25,0.00037979491074819596,0.0007584376185058779,0.5000959419276572,0.1416819012797075
