model,future,acc,pre,recall,f1,roc_auc,hamming
Logit,1,0.781633516716039,0.21093117408906883,0.19296296296296298,0.20154738878143133,0.5363420097461076,0.21836648328396108
Logit,5,0.7784526854219949,0.19813235891189607,0.18270310745039312,0.1901051811453058,0.530004718911256,0.2215473145780051
Logit,10,0.7812130336595333,0.20573770491803278,0.19065704519559437,0.1979105066035876,0.5346332516926923,0.2187869663404667
