model,future,acc,pre,recall,f1,roc_auc,hamming
RF,1,0.7925835801946678,0.26936154136758594,0.26407407407407407,0.26669160276790727,0.5723604139810015,0.2074164198053322
RF,5,0.769075021312873,0.24703376939458474,0.30400599026581804,0.27257468949311847,0.5751253160622748,0.23092497868712702
RF,10,0.7993332616410367,0.269601677148847,0.24420812761109,0.25627740135512156,0.5675472207112763,0.20066673835896334
