model,future,acc,pre,recall,f1,roc_auc,hamming
SVM,1,0.7438108336859924,0.20293873024674244,0.27111111111111114,0.23212303789440306,0.5468428920156888,0.2561891663140076
SVM,5,0.7455242966751918,0.19833763255947262,0.25907899663047546,0.22467532467532467,0.5426599555432926,0.2544757033248082
SVM,10,0.7430906549091301,0.196433625813756,0.263577668059248,0.22510541680181642,0.5428755863002159,0.25690934509087
