model,future,acc,pre,recall,f1,roc_auc,hamming
XGB,1,0.8334214980956411,0.20730117340286833,0.058888888888888886,0.09172194981251802,0.5106836446419266,0.16657850190435886
XGB,5,0.8367433930093776,0.22594142259414227,0.06065144140771247,0.09563164108618655,0.5130864835789261,0.16325660699062233
XGB,10,0.8348209484890848,0.193006993006993,0.052411697683251046,0.08243727598566308,0.5081350690107455,0.16517905151091516
