model,future,acc,pre,recall,f1,roc_auc
STGCN_LSTM,1,0.7748624629707999,0.2963350785340314,0.4192592592592593,0.347239263803681,0.6266871462921821
STGCN_LSTM,5,0.760496589940324,0.28076923076923077,0.43728940471733435,0.3419704289269507,0.6257081303266115
STGCN_LSTM,10,0.748144961823852,0.27226293582056404,0.46562856057728824,0.34360986547085204,0.6301835255125715
