model,future,acc,pre,recall,f1,roc_auc
STGCN_Attention,1,0.7850190435886585,0.29834417504435246,0.3737037037037037,0.331798750411049,0.6136291907805114
STGCN_Attention,5,0.7700341005967605,0.2875226039783002,0.41669786596780234,0.34026291653928464,0.6226807960639783
STGCN_Attention,10,0.7965372620711905,0.3010715520221224,0.3308013672616787,0.3152370611653999,0.6020746579496618
