model,future,acc,pre,recall,f1,roc_auc
STGCN,1,0.7678269149386373,0.2878673700075358,0.42444444444444446,0.34306241580601704,0.624743821827258
STGCN,5,0.7157928388746803,0.25680365296803653,0.5263946087607637,0.3452000982077093,0.6368072938194077
STGCN,10,0.7684159587052372,0.2819176654507556,0.41093809342954807,0.33441508267655695,0.6191552352521997
