model,future,acc,pre,recall,f1,roc_auc,hamming
STGCN_Attention,1,0.7732225983918747,0.2926574340214267,0.4148148148148148,0.3431898268729891,0.6238786490761312,0.22677740160812526
STGCN_Attention,5,0.7598039215686274,0.2839331921900729,0.4518906776488207,0.3487431378214389,0.6313935589896585,0.24019607843137256
STGCN_Attention,10,0.7579847295408109,0.2746138996138996,0.43220660843144704,0.33584181791353107,0.6219598654434091,0.24201527045918916
