model,future,acc,pre,recall,f1,roc_auc,hamming
FNN,1,0.7032374100719424,0.2116527942925089,0.39555555555555555,0.27575522850503487,0.5750303080172249,0.29676258992805754
FNN,5,0.7648124467178176,0.23946188340807176,0.29988768251591164,0.26628989361702127,0.5709229056798978,0.23518755328218244
FNN,10,0.7370685019894613,0.20619630304608175,0.30079756931257123,0.24467099165894346,0.5549086499866959,0.2629314980105388
