model,future,acc,pre,recall,f1,roc_auc,hamming
GRU,1,0.8361722386796445,0.2951496388028896,0.10592592592592592,0.15590079040610522,0.5318879197637529,0.16382776132035548
GRU,5,0.8289109121909634,0.21458773784355178,0.07600149756645451,0.11224771910423002,0.5149219142177802,0.17108908780903667
GRU,10,0.828798795569416,0.2589676290463692,0.112419293581466,0.15677966101694915,0.5296828694653337,0.17120120443058393
