model,future,acc,pre,recall,f1,roc_auc,hamming
LSTM,1,0.7533326280152348,0.2720092915214866,0.4337037037037037,0.33433261955745897,0.6201473344487415,0.24666737198476513
LSTM,5,0.7076406649616368,0.24492753623188407,0.5061774616248595,0.330118422659016,0.6236236130886303,0.29235933503836314
LSTM,10,0.7289493493924077,0.2576489533011272,0.48613748575769083,0.3367977897645047,0.6275660808055601,0.2710506506075922
