model,future,acc,pre,recall,f1,roc_auc,hamming
Single_STGCN,1,0.738415150232755,0.27491477842390216,0.5077777777777778,0.35670612722778716,0.6423115005897034,0.26158484976724505
Single_STGCN,5,0.769927536231884,0.2899770466717674,0.42568326469487083,0.3449635922330097,0.6263658915261643,0.23007246376811594
Single_STGCN,10,0.7509409613936983,0.27774071603291084,0.4743638435244968,0.35035063113604487,0.6354594037541057,0.24905903860630174
