model,future,acc,pre,recall,f1,roc_auc
STGCN_LSTM,1,0.656633516716039,0.23253845068435164,0.6103703703703703,0.3367732706651681,0.6373562540570687
STGCN_LSTM,5,0.5693201193520887,0.20777537796976242,0.7203294646199925,0.3225211633559635,0.6322961853757849
STGCN_LSTM,10,0.6356597483600387,0.21881362834260892,0.612229396126092,0.3224,0.6258766773928299
