model,future,acc,pre,recall,f1,roc_auc
STGCN,1,0.7589928057553957,0.2859778597785978,0.45925925925925926,0.35247299602046617,0.6340976622141766
STGCN,5,0.7237851662404092,0.2596135450545246,0.5080494196929989,0.34363129906305395,0.6338159752996895
STGCN,10,0.7514786536186687,0.26671358198451794,0.43182681352069885,0.3297563805104408,0.6180117468793598
