model,future,acc,pre,recall,f1,roc_auc,hamming
STGCN_LSTM_OUT,1,0.8419382141345747,0.24100719424460432,0.04962962962962963,0.08230958230958231,0.5117933386360936,0.1580617858654253
STGCN_LSTM_OUT,5,0.8423380221653879,0.2391304347826087,0.04941969299887682,0.08191126279863481,0.5116639373238157,0.1576619778346121
STGCN_LSTM_OUT,10,0.8432089471986235,0.2413162705667276,0.05013292821876187,0.0830188679245283,0.5120692827752125,0.15679105280137648
