model,future,acc,pre,recall,f1,roc_auc,hamming
STGCN_Attention,1,0.7534384257300042,0.28040313549832024,0.46370370370370373,0.34947662247034195,0.6327096647375591,0.24656157426999578
STGCN_Attention,5,0.7608695652173914,0.2859835100117786,0.45451141894421565,0.35106998264893,0.63310773158803,0.2391304347826087
STGCN_Attention,10,0.7486288848263254,0.27441449403446755,0.4717052791492594,0.34697583461377285,0.6330026552338843,0.2513711151736746
