model,future,acc,pre,recall,f1,roc_auc
STGCN_LSTM_SA,1,0.7797820567075752,0.29306930693069305,0.3837037037037037,0.332317562149158,0.6147412618740685
STGCN_LSTM_SA,5,0.7666773231031543,0.2790998448008277,0.4039685511044553,0.33012085054306256,0.6154153496654164
STGCN_LSTM_SA,10,0.7858371867942789,0.2923076923076923,0.36080516521078615,0.32296447390787014,0.6083700113557846
